payment_method,proportion
现金,0.14315232402995096
微信支付,0.14301996883544227
支付宝,0.1429980793225043
储蓄卡,0.14293953760185624
云闪付,0.14278427477752872
信用卡,0.14273133269972527
银联,0.14237448273299222
